,unixtimestamp,close_time,datetime,close_datetime,open,close,low,high,volume
0,1738460160000,1738460219999,2025-02-02 01:36:00,2025-02-02 01:36:59.999,101359.67,101328.79,101328.79,101361.37,3.49035
1,1738460220000,1738460279999,2025-02-02 01:37:00,2025-02-02 01:37:59.999,101328.8,101343.99,101328.79,101369.14,4.32971
2,1738460280000,1738460339999,2025-02-02 01:38:00,2025-02-02 01:38:59.999,101344.0,101332.43,101332.42,101344.0,1.32964
3,1738460340000,1738460399999,2025-02-02 01:39:00,2025-02-02 01:39:59.999,101332.42,101343.37,101332.42,101343.38,2.1563
4,1738460400000,1738460459999,2025-02-02 01:40:00,2025-02-02 01:40:59.999,101343.37,101254.91,101254.9,101343.38,5.96744
5,1738460460000,1738460519999,2025-02-02 01:41:00,2025-02-02 01:41:59.999,101254.91,101259.38,101209.51,101268.0,7.39679
6,1738460520000,1738460579999,2025-02-02 01:42:00,2025-02-02 01:42:59.999,101259.37,101324.0,101240.02,101324.0,5.77194
7,1738460580000,1738460639999,2025-02-02 01:43:00,2025-02-02 01:43:59.999,101324.21,101352.15,101324.2,101352.15,4.62856
8,1738460640000,1738460699999,2025-02-02 01:44:00,2025-02-02 01:44:59.999,101352.14,101372.53,101352.14,101372.53,2.67715
9,1738460700000,1738460759999,2025-02-02 01:45:00,2025-02-02 01:45:59.999,101372.52,101369.3,101357.76,101382.25,6.2529
10,1738460760000,1738460819999,2025-02-02 01:46:00,2025-02-02 01:46:59.999,101369.31,101326.76,101326.75,101369.31,16.46684
11,1738460820000,1738460879999,2025-02-02 01:47:00,2025-02-02 01:47:59.999,101326.76,101313.06,101278.64,101326.76,4.86086
12,1738460880000,1738460939999,2025-02-02 01:48:00,2025-02-02 01:48:59.999,101313.07,101309.26,101297.94,101313.07,1.48826
13,1738460940000,1738460999999,2025-02-02 01:49:00,2025-02-02 01:49:59.999,101309.25,101254.9,101226.34,101309.26,11.81022
14,1738461000000,1738461059999,2025-02-02 01:50:00,2025-02-02 01:50:59.999,101254.91,101314.0,101254.9,101314.01,9.67831
15,1738461060000,1738461119999,2025-02-02 01:51:00,2025-02-02 01:51:59.999,101314.01,101254.61,101254.61,101314.01,7.9556
16,1738461120000,1738461179999,2025-02-02 01:52:00,2025-02-02 01:52:59.999,101254.61,101200.0,101200.0,101254.62,9.17954
17,1738461180000,1738461239999,2025-02-02 01:53:00,2025-02-02 01:53:59.999,101200.0,101173.42,101165.1,101200.01,5.56881
18,1738461240000,1738461299999,2025-02-02 01:54:00,2025-02-02 01:54:59.999,101173.43,101169.99,101165.1,101173.43,3.45645
19,1738461300000,1738461359999,2025-02-02 01:55:00,2025-02-02 01:55:59.999,101169.99,101204.0,101169.99,101204.0,3.41595
20,1738461360000,1738461419999,2025-02-02 01:56:00,2025-02-02 01:56:59.999,101204.0,101204.0,101203.99,101204.0,1.15325
21,1738461420000,1738461479999,2025-02-02 01:57:00,2025-02-02 01:57:59.999,101204.0,101230.66,101203.99,101230.66,5.10533
22,1738461480000,1738461539999,2025-02-02 01:58:00,2025-02-02 01:58:59.999,101230.65,101248.0,101230.65,101253.56,6.87316
23,1738461540000,1738461599999,2025-02-02 01:59:00,2025-02-02 01:59:59.999,101248.0,101248.38,101225.06,101248.38,8.0646
24,1738461600000,1738461659999,2025-02-02 02:00:00,2025-02-02 02:00:59.999,101248.38,101137.73,101137.27,101271.32,13.21314
25,1738461660000,1738461719999,2025-02-02 02:01:00,2025-02-02 02:01:59.999,101137.73,101120.6,101120.59,101146.35,7.57295
26,1738461720000,1738461779999,2025-02-02 02:02:00,2025-02-02 02:02:59.999,101120.6,101156.51,101100.01,101156.51,12.26938
27,1738461780000,1738461839999,2025-02-02 02:03:00,2025-02-02 02:03:59.999,101156.51,101112.0,101112.0,101156.51,5.08557
28,1738461840000,1738461899999,2025-02-02 02:04:00,2025-02-02 02:04:59.999,101112.01,101138.76,101112.0,101195.5,16.64782
29,1738461900000,1738461959999,2025-02-02 02:05:00,2025-02-02 02:05:59.999,101138.75,101183.51,101125.88,101200.0,14.48823
30,1738461960000,1738462019999,2025-02-02 02:06:00,2025-02-02 02:06:59.999,101183.51,101098.04,101080.0,101183.52,21.7098
31,1738462020000,1738462079999,2025-02-02 02:07:00,2025-02-02 02:07:59.999,101098.04,101084.29,101084.29,101100.01,7.56072
32,1738462080000,1738462139999,2025-02-02 02:08:00,2025-02-02 02:08:59.999,101084.3,101002.29,101001.0,101084.3,10.26789
33,1738462140000,1738462199999,2025-02-02 02:09:00,2025-02-02 02:09:59.999,101002.29,100943.45,100943.44,101002.3,26.79494
34,1738462200000,1738462259999,2025-02-02 02:10:00,2025-02-02 02:10:59.999,100943.44,100936.5,100936.5,100943.45,15.92389
35,1738462260000,1738462319999,2025-02-02 02:11:00,2025-02-02 02:11:59.999,100936.5,100978.09,100919.1,100978.1,10.17934
36,1738462320000,1738462379999,2025-02-02 02:12:00,2025-02-02 02:12:59.999,100978.1,100994.94,100978.09,100994.94,3.09431
37,1738462380000,1738462439999,2025-02-02 02:13:00,2025-02-02 02:13:59.999,100994.93,100930.23,100930.22,100994.94,6.14189
38,1738462440000,1738462499999,2025-02-02 02:14:00,2025-02-02 02:14:59.999,100930.22,100930.22,100930.22,100930.23,4.14935
39,1738462500000,1738462559999,2025-02-02 02:15:00,2025-02-02 02:15:59.999,100930.23,100901.97,100901.96,100930.23,4.8175
40,1738462560000,1738462619999,2025-02-02 02:16:00,2025-02-02 02:16:59.999,100901.96,100913.99,100872.68,100914.0,14.38184
41,1738462620000,1738462679999,2025-02-02 02:17:00,2025-02-02 02:17:59.999,100914.0,100872.15,100872.14,100914.0,8.89293
42,1738462680000,1738462739999,2025-02-02 02:18:00,2025-02-02 02:18:59.999,100872.14,100812.01,100812.0,100880.51,10.82558
43,1738462740000,1738462799999,2025-02-02 02:19:00,2025-02-02 02:19:59.999,100812.01,100773.99,100769.18,100823.53,10.02063
44,1738462800000,1738462859999,2025-02-02 02:20:00,2025-02-02 02:20:59.999,100774.0,100820.01,100774.0,100849.53,17.94105
45,1738462860000,1738462919999,2025-02-02 02:21:00,2025-02-02 02:21:59.999,100820.01,100827.84,100808.0,100894.37,15.47104
46,1738462920000,1738462979999,2025-02-02 02:22:00,2025-02-02 02:22:59.999,100827.83,100891.73,100827.83,100891.74,9.21962
47,1738462980000,1738463039999,2025-02-02 02:23:00,2025-02-02 02:23:59.999,100891.73,101024.02,100891.73,101037.13,14.62572
48,1738463040000,1738463099999,2025-02-02 02:24:00,2025-02-02 02:24:59.999,101024.01,101000.0,100980.39,101024.01,5.97602
49,1738463100000,1738463159999,2025-02-02 02:25:00,2025-02-02 02:25:59.999,101000.0,101014.06,100990.58,101014.98,10.28609
50,1738463160000,1738463219999,2025-02-02 02:26:00,2025-02-02 02:26:59.999,101014.06,101065.89,101014.06,101076.01,4.536
51,1738463220000,1738463279999,2025-02-02 02:27:00,2025-02-02 02:27:59.999,101065.89,101038.0,101037.99,101092.0,4.61056
52,1738463280000,1738463339999,2025-02-02 02:28:00,2025-02-02 02:28:59.999,101037.99,100951.02,100951.02,101046.0,12.22525
53,1738463340000,1738463399999,2025-02-02 02:29:00,2025-02-02 02:29:59.999,100951.02,100930.32,100930.31,100951.02,5.14136
54,1738463400000,1738463459999,2025-02-02 02:30:00,2025-02-02 02:30:59.999,100930.33,100824.83,100824.82,100930.33,9.18603
55,1738463460000,1738463519999,2025-02-02 02:31:00,2025-02-02 02:31:59.999,100824.82,100796.0,100769.24,100834.8,18.65431
56,1738463520000,1738463579999,2025-02-02 02:32:00,2025-02-02 02:32:59.999,100796.0,100804.84,100795.99,100820.36,16.3343
57,1738463580000,1738463639999,2025-02-02 02:33:00,2025-02-02 02:33:59.999,100804.83,100853.83,100804.83,100853.83,7.3334
58,1738463640000,1738463699999,2025-02-02 02:34:00,2025-02-02 02:34:59.999,100853.83,100871.74,100837.24,100902.81,8.04404
59,1738463700000,1738463759999,2025-02-02 02:35:00,2025-02-02 02:35:59.999,100871.74,100810.01,100809.99,100871.74,9.48266
60,1738463760000,1738463819999,2025-02-02 02:36:00,2025-02-02 02:36:59.999,100810.0,100656.5,100648.3,100810.01,14.46407
61,1738463820000,1738463879999,2025-02-02 02:37:00,2025-02-02 02:37:59.999,100656.51,100688.87,100656.51,100740.52,10.31293
62,1738463880000,1738463939999,2025-02-02 02:38:00,2025-02-02 02:38:59.999,100688.88,100730.72,100688.87,100730.72,6.72623
63,1738463940000,1738463999999,2025-02-02 02:39:00,2025-02-02 02:39:59.999,100730.71,100700.0,100696.91,100745.04,9.38127
64,1738464000000,1738464059999,2025-02-02 02:40:00,2025-02-02 02:40:59.999,100700.0,100700.01,100690.18,100719.99,3.16543
65,1738464060000,1738464119999,2025-02-02 02:41:00,2025-02-02 02:41:59.999,100700.01,100674.94,100674.94,100711.75,6.00376
66,1738464120000,1738464179999,2025-02-02 02:42:00,2025-02-02 02:42:59.999,100674.94,100730.71,100666.66,100730.71,5.25439
67,1738464180000,1738464239999,2025-02-02 02:43:00,2025-02-02 02:43:59.999,100730.7,100710.99,100666.67,100730.7,6.80395
68,1738464240000,1738464299999,2025-02-02 02:44:00,2025-02-02 02:44:59.999,100711.0,100774.8,100705.88,100774.8,10.01449
69,1738464300000,1738464359999,2025-02-02 02:45:00,2025-02-02 02:45:59.999,100774.8,100712.0,100696.47,100774.8,34.59147
70,1738464360000,1738464419999,2025-02-02 02:46:00,2025-02-02 02:46:59.999,100712.0,100650.0,100650.0,100712.0,8.70992
71,1738464420000,1738464479999,2025-02-02 02:47:00,2025-02-02 02:47:59.999,100650.01,100653.35,100646.0,100671.42,4.3978
72,1738464480000,1738464539999,2025-02-02 02:48:00,2025-02-02 02:48:59.999,100653.35,100630.0,100630.0,100666.67,4.57992
73,1738464540000,1738464599999,2025-02-02 02:49:00,2025-02-02 02:49:59.999,100630.0,100640.24,100621.71,100640.25,16.15176
74,1738464600000,1738464659999,2025-02-02 02:50:00,2025-02-02 02:50:59.999,100640.24,100645.72,100620.7,100657.68,12.06771
75,1738464660000,1738464719999,2025-02-02 02:51:00,2025-02-02 02:51:59.999,100645.72,100627.76,100567.11,100657.42,37.0603
76,1738464720000,1738464779999,2025-02-02 02:52:00,2025-02-02 02:52:59.999,100627.75,100630.01,100581.42,100639.98,10.51921
77,1738464780000,1738464839999,2025-02-02 02:53:00,2025-02-02 02:53:59.999,100630.01,100532.45,100532.45,100630.01,15.19266
78,1738464840000,1738464899999,2025-02-02 02:54:00,2025-02-02 02:54:59.999,100532.46,100530.0,100524.74,100595.99,24.48759
79,1738464900000,1738464959999,2025-02-02 02:55:00,2025-02-02 02:55:59.999,100530.0,100527.81,100522.0,100548.0,5.13606
80,1738464960000,1738465019999,2025-02-02 02:56:00,2025-02-02 02:56:59.999,100527.82,100472.02,100425.0,100527.82,22.02219
81,1738465020000,1738465079999,2025-02-02 02:57:00,2025-02-02 02:57:59.999,100472.02,100496.27,100453.6,100522.8,10.03063
82,1738465080000,1738465139999,2025-02-02 02:58:00,2025-02-02 02:58:59.999,100496.27,100560.07,100496.26,100583.7,23.55248
83,1738465140000,1738465199999,2025-02-02 02:59:00,2025-02-02 02:59:59.999,100560.06,100452.16,100452.15,100560.07,17.71605
84,1738465200000,1738465259999,2025-02-02 03:00:00,2025-02-02 03:00:59.999,100452.16,100406.34,100406.34,100478.0,14.35172
85,1738465260000,1738465319999,2025-02-02 03:01:00,2025-02-02 03:01:59.999,100406.35,100344.02,100314.19,100406.35,22.26621
86,1738465320000,1738465379999,2025-02-02 03:02:00,2025-02-02 03:02:59.999,100344.01,100429.31,100327.08,100431.38,25.98277
87,1738465380000,1738465439999,2025-02-02 03:03:00,2025-02-02 03:03:59.999,100429.3,100576.22,100380.7,100576.34,19.02129
88,1738465440000,1738465499999,2025-02-02 03:04:00,2025-02-02 03:04:59.999,100576.21,100695.42,100566.0,100700.53,16.1666
89,1738465500000,1738465559999,2025-02-02 03:05:00,2025-02-02 03:05:59.999,100695.42,100704.34,100660.49,100726.55,21.89284
90,1738465560000,1738465619999,2025-02-02 03:06:00,2025-02-02 03:06:59.999,100704.34,100653.5,100629.17,100755.93,37.75529
91,1738465620000,1738465679999,2025-02-02 03:07:00,2025-02-02 03:07:59.999,100653.5,100603.14,100590.48,100661.0,19.75267
92,1738465680000,1738465739999,2025-02-02 03:08:00,2025-02-02 03:08:59.999,100603.13,100242.84,100226.82,100610.0,78.71195
93,1738465740000,1738465799999,2025-02-02 03:09:00,2025-02-02 03:09:59.999,100242.84,100166.0,100166.0,100306.5,136.69372
94,1738465800000,1738465859999,2025-02-02 03:10:00,2025-02-02 03:10:59.999,100166.0,100027.74,100000.0,100196.08,189.09162
95,1738465860000,1738465919999,2025-02-02 03:11:00,2025-02-02 03:11:59.999,100027.74,99974.81,99950.0,100068.61,244.41704
96,1738465920000,1738465979999,2025-02-02 03:12:00,2025-02-02 03:12:59.999,99974.81,99987.9,99950.16,100078.56,124.16944
97,1738465980000,1738466039999,2025-02-02 03:13:00,2025-02-02 03:13:59.999,99987.9,99843.49,99835.02,99987.9,212.61741
98,1738466040000,1738466099999,2025-02-02 03:14:00,2025-02-02 03:14:59.999,99843.49,99976.63,99843.49,100084.0,111.51299
99,1738466100000,1738466159999,2025-02-02 03:15:00,2025-02-02 03:15:59.999,99976.63,99791.3,99770.06,99997.78,103.51487
100,1738466160000,1738466219999,2025-02-02 03:16:00,2025-02-02 03:16:59.999,99791.31,99797.98,99747.59,99849.4,79.76155
101,1738466220000,1738466279999,2025-02-02 03:17:00,2025-02-02 03:17:59.999,99797.99,99787.99,99778.11,99861.47,29.12194
102,1738466280000,1738466339999,2025-02-02 03:18:00,2025-02-02 03:18:59.999,99787.99,99782.13,99764.32,99850.0,65.76962
103,1738466340000,1738466399999,2025-02-02 03:19:00,2025-02-02 03:19:59.999,99782.12,100069.59,99782.12,100072.0,45.09005
104,1738466400000,1738466459999,2025-02-02 03:20:00,2025-02-02 03:20:59.999,100069.6,99860.99,99860.99,100156.17,40.60431
105,1738466460000,1738466519999,2025-02-02 03:21:00,2025-02-02 03:21:59.999,99861.0,99796.0,99739.84,99861.0,33.32379
106,1738466520000,1738466579999,2025-02-02 03:22:00,2025-02-02 03:22:59.999,99796.0,99678.73,99666.0,99799.46,47.8204
107,1738466580000,1738466639999,2025-02-02 03:23:00,2025-02-02 03:23:59.999,99666.0,99715.93,99650.0,99750.0,17.32958
108,1738466640000,1738466699999,2025-02-02 03:24:00,2025-02-02 03:24:59.999,99715.93,99700.0,99694.82,99731.98,16.95905
109,1738466700000,1738466759999,2025-02-02 03:25:00,2025-02-02 03:25:59.999,99700.01,99614.96,99614.3,99736.0,23.17386
110,1738466760000,1738466819999,2025-02-02 03:26:00,2025-02-02 03:26:59.999,99614.96,99557.6,99557.6,99657.23,56.43551
111,1738466820000,1738466879999,2025-02-02 03:27:00,2025-02-02 03:27:59.999,99557.61,99562.01,99557.6,99651.41,54.55703
112,1738466880000,1738466939999,2025-02-02 03:28:00,2025-02-02 03:28:59.999,99562.0,99460.87,99429.2,99562.0,94.5909
113,1738466940000,1738466999999,2025-02-02 03:29:00,2025-02-02 03:29:59.999,99460.92,99612.0,99418.5,99659.61,42.10828
114,1738467000000,1738467059999,2025-02-02 03:30:00,2025-02-02 03:30:59.999,99611.99,99525.6,99520.07,99614.37,50.75224
115,1738467060000,1738467119999,2025-02-02 03:31:00,2025-02-02 03:31:59.999,99525.6,99583.98,99495.75,99610.75,36.14284
116,1738467120000,1738467179999,2025-02-02 03:32:00,2025-02-02 03:32:59.999,99583.98,99718.48,99503.4,99754.69,19.5045
117,1738467180000,1738467239999,2025-02-02 03:33:00,2025-02-02 03:33:59.999,99718.48,99639.33,99573.92,99730.72,41.25009
118,1738467240000,1738467299999,2025-02-02 03:34:00,2025-02-02 03:34:59.999,99639.33,99609.35,99570.4,99713.33,27.29249
119,1738467300000,1738467359999,2025-02-02 03:35:00,2025-02-02 03:35:59.999,99609.35,99633.46,99609.34,99729.99,13.56466
120,1738467360000,1738467419999,2025-02-02 03:36:00,2025-02-02 03:36:59.999,99632.84,99716.14,99600.0,99716.15,17.46392
121,1738467420000,1738467479999,2025-02-02 03:37:00,2025-02-02 03:37:59.999,99716.15,99708.01,99624.0,99719.47,17.75508
122,1738467480000,1738467539999,2025-02-02 03:38:00,2025-02-02 03:38:59.999,99708.0,99603.66,99590.35,99708.01,25.12017
123,1738467540000,1738467599999,2025-02-02 03:39:00,2025-02-02 03:39:59.999,99603.66,99564.76,99478.18,99653.29,36.44168
124,1738467600000,1738467659999,2025-02-02 03:40:00,2025-02-02 03:40:59.999,99564.76,99450.0,99450.0,99573.05,19.62005
125,1738467660000,1738467719999,2025-02-02 03:41:00,2025-02-02 03:41:59.999,99450.01,99425.47,99425.46,99503.08,22.91063
126,1738467720000,1738467779999,2025-02-02 03:42:00,2025-02-02 03:42:59.999,99425.46,99438.26,99417.21,99464.0,19.84421
127,1738467780000,1738467839999,2025-02-02 03:43:00,2025-02-02 03:43:59.999,99438.27,99458.76,99410.0,99531.09,35.36038
128,1738467840000,1738467899999,2025-02-02 03:44:00,2025-02-02 03:44:59.999,99458.76,99493.52,99349.9,99493.52,45.03528
129,1738467900000,1738467959999,2025-02-02 03:45:00,2025-02-02 03:45:59.999,99493.51,99463.05,99394.14,99493.51,26.62142
130,1738467960000,1738468019999,2025-02-02 03:46:00,2025-02-02 03:46:59.999,99463.05,99632.36,99463.04,99647.43,24.85743
131,1738468020000,1738468079999,2025-02-02 03:47:00,2025-02-02 03:47:59.999,99632.36,99675.93,99582.51,99722.14,26.68457
132,1738468080000,1738468139999,2025-02-02 03:48:00,2025-02-02 03:48:59.999,99675.93,99582.51,99582.51,99692.0,27.82508
133,1738468140000,1738468199999,2025-02-02 03:49:00,2025-02-02 03:49:59.999,99582.51,99578.7,99551.78,99644.07,9.34053
134,1738468200000,1738468259999,2025-02-02 03:50:00,2025-02-02 03:50:59.999,99578.7,99651.32,99512.0,99651.32,14.43423
135,1738468260000,1738468319999,2025-02-02 03:51:00,2025-02-02 03:51:59.999,99651.32,99594.57,99572.22,99720.65,33.46402
136,1738468320000,1738468379999,2025-02-02 03:52:00,2025-02-02 03:52:59.999,99594.56,99528.0,99483.38,99601.26,25.95089
137,1738468380000,1738468439999,2025-02-02 03:53:00,2025-02-02 03:53:59.999,99528.01,99538.65,99528.0,99607.99,13.35251
138,1738468440000,1738468499999,2025-02-02 03:54:00,2025-02-02 03:54:59.999,99538.65,99462.02,99462.01,99538.65,10.20818
139,1738468500000,1738468559999,2025-02-02 03:55:00,2025-02-02 03:55:59.999,99462.01,99375.05,99375.04,99483.5,11.5272
140,1738468560000,1738468619999,2025-02-02 03:56:00,2025-02-02 03:56:59.999,99375.04,99286.73,99263.85,99414.06,67.84365
141,1738468620000,1738468679999,2025-02-02 03:57:00,2025-02-02 03:57:59.999,99286.74,99209.61,99168.58,99366.93,73.01914
142,1738468680000,1738468739999,2025-02-02 03:58:00,2025-02-02 03:58:59.999,99209.6,99168.58,99168.58,99296.5,24.55095
143,1738468740000,1738468799999,2025-02-02 03:59:00,2025-02-02 03:59:59.999,99168.59,99206.86,99148.91,99263.01,29.73194
144,1738468800000,1738468859999,2025-02-02 04:00:00,2025-02-02 04:00:59.999,99206.85,99136.03,99100.01,99217.98,37.20179
145,1738468860000,1738468919999,2025-02-02 04:01:00,2025-02-02 04:01:59.999,99136.04,99357.99,99114.55,99357.99,27.63765
146,1738468920000,1738468979999,2025-02-02 04:02:00,2025-02-02 04:02:59.999,99357.99,99320.39,99292.0,99388.55,28.0828
147,1738468980000,1738469039999,2025-02-02 04:03:00,2025-02-02 04:03:59.999,99320.4,99300.01,99300.0,99389.86,13.05249
148,1738469040000,1738469099999,2025-02-02 04:04:00,2025-02-02 04:04:59.999,99300.01,99124.17,99123.42,99300.01,26.00983
149,1738469100000,1738469159999,2025-02-02 04:05:00,2025-02-02 04:05:59.999,99124.18,99160.7,99031.19,99263.55,46.4137
150,1738469160000,1738469219999,2025-02-02 04:06:00,2025-02-02 04:06:59.999,99160.7,99274.0,99150.01,99288.0,16.63165
151,1738469220000,1738469279999,2025-02-02 04:07:00,2025-02-02 04:07:59.999,99273.99,99394.01,99256.75,99403.98,17.76717
152,1738469280000,1738469339999,2025-02-02 04:08:00,2025-02-02 04:08:59.999,99394.02,99508.0,99390.06,99555.23,22.80402
153,1738469340000,1738469399999,2025-02-02 04:09:00,2025-02-02 04:09:59.999,99508.0,99517.72,99447.64,99537.93,14.83936
154,1738469400000,1738469459999,2025-02-02 04:10:00,2025-02-02 04:10:59.999,99517.73,99431.9,99376.28,99524.19,11.80312
155,1738469460000,1738469519999,2025-02-02 04:11:00,2025-02-02 04:11:59.999,99431.91,99313.45,99313.44,99435.99,29.53855
156,1738469520000,1738469579999,2025-02-02 04:12:00,2025-02-02 04:12:59.999,99313.44,99235.5,99228.89,99329.01,23.4195
157,1738469580000,1738469639999,2025-02-02 04:13:00,2025-02-02 04:13:59.999,99235.5,99330.01,99235.49,99352.03,15.70731
158,1738469640000,1738469699999,2025-02-02 04:14:00,2025-02-02 04:14:59.999,99330.01,99276.99,99267.42,99369.65,36.56623
159,1738469700000,1738469759999,2025-02-02 04:15:00,2025-02-02 04:15:59.999,99277.0,99235.49,99157.49,99286.7,86.92046
160,1738469760000,1738469819999,2025-02-02 04:16:00,2025-02-02 04:16:59.999,99235.49,99099.99,99099.01,99249.5,28.8693
161,1738469820000,1738469879999,2025-02-02 04:17:00,2025-02-02 04:17:59.999,99099.99,99137.13,99077.74,99140.0,50.76768
162,1738469880000,1738469939999,2025-02-02 04:18:00,2025-02-02 04:18:59.999,99137.13,99269.53,99103.54,99270.22,33.43354
163,1738469940000,1738469999999,2025-02-02 04:19:00,2025-02-02 04:19:59.999,99269.53,99307.99,99243.33,99311.97,17.39827
164,1738470000000,1738470059999,2025-02-02 04:20:00,2025-02-02 04:20:59.999,99307.99,99308.01,99290.0,99355.56,15.12125
165,1738470060000,1738470119999,2025-02-02 04:21:00,2025-02-02 04:21:59.999,99308.01,99415.38,99308.0,99415.38,14.02257
166,1738470120000,1738470179999,2025-02-02 04:22:00,2025-02-02 04:22:59.999,99415.37,99498.42,99415.37,99498.43,18.36163
167,1738470180000,1738470239999,2025-02-02 04:23:00,2025-02-02 04:23:59.999,99498.42,99647.03,99498.42,99681.67,49.10638
168,1738470240000,1738470299999,2025-02-02 04:24:00,2025-02-02 04:24:59.999,99647.03,99577.59,99554.0,99647.03,19.2107
169,1738470300000,1738470359999,2025-02-02 04:25:00,2025-02-02 04:25:59.999,99577.59,99643.95,99577.59,99652.0,12.54379
170,1738470360000,1738470419999,2025-02-02 04:26:00,2025-02-02 04:26:59.999,99643.94,99620.96,99606.73,99649.82,14.44702
171,1738470420000,1738470479999,2025-02-02 04:27:00,2025-02-02 04:27:59.999,99620.96,99600.0,99600.0,99681.51,25.69664
172,1738470480000,1738470539999,2025-02-02 04:28:00,2025-02-02 04:28:59.999,99600.01,99500.0,99456.27,99600.01,20.26243
173,1738470540000,1738470599999,2025-02-02 04:29:00,2025-02-02 04:29:59.999,99500.01,99539.09,99500.0,99557.6,13.35661
174,1738470600000,1738470659999,2025-02-02 04:30:00,2025-02-02 04:30:59.999,99539.08,99547.91,99465.62,99547.91,14.00815
175,1738470660000,1738470719999,2025-02-02 04:31:00,2025-02-02 04:31:59.999,99547.91,99673.1,99538.37,99673.1,26.5022
176,1738470720000,1738470779999,2025-02-02 04:32:00,2025-02-02 04:32:59.999,99673.1,99681.33,99608.35,99693.83,12.69361
177,1738470780000,1738470839999,2025-02-02 04:33:00,2025-02-02 04:33:59.999,99681.34,99778.13,99646.79,99783.47,22.50193
178,1738470840000,1738470899999,2025-02-02 04:34:00,2025-02-02 04:34:59.999,99778.14,99704.39,99700.0,99786.39,15.42016
179,1738470900000,1738470959999,2025-02-02 04:35:00,2025-02-02 04:35:59.999,99704.39,99655.58,99631.14,99714.95,23.22568
180,1738470960000,1738471019999,2025-02-02 04:36:00,2025-02-02 04:36:59.999,99655.59,99702.01,99618.18,99732.66,23.34427
181,1738471020000,1738471079999,2025-02-02 04:37:00,2025-02-02 04:37:59.999,99702.01,99614.01,99609.69,99702.01,26.15833
182,1738471080000,1738471139999,2025-02-02 04:38:00,2025-02-02 04:38:59.999,99614.01,99708.0,99614.01,99708.0,5.20932
183,1738471140000,1738471199999,2025-02-02 04:39:00,2025-02-02 04:39:59.999,99708.0,99618.0,99617.99,99708.0,10.63668
184,1738471200000,1738471259999,2025-02-02 04:40:00,2025-02-02 04:40:59.999,99617.99,99635.59,99584.93,99635.6,10.36407
185,1738471260000,1738471319999,2025-02-02 04:41:00,2025-02-02 04:41:59.999,99635.6,99724.34,99635.59,99724.35,9.40304
186,1738471320000,1738471379999,2025-02-02 04:42:00,2025-02-02 04:42:59.999,99724.35,99765.37,99724.34,99769.89,9.62659
187,1738471380000,1738471439999,2025-02-02 04:43:00,2025-02-02 04:43:59.999,99765.37,99778.84,99765.37,99794.13,17.97918
188,1738471440000,1738471499999,2025-02-02 04:44:00,2025-02-02 04:44:59.999,99778.84,99764.87,99764.86,99790.77,16.37605
189,1738471500000,1738471559999,2025-02-02 04:45:00,2025-02-02 04:45:59.999,99764.87,99751.27,99729.0,99764.87,14.07346
190,1738471560000,1738471619999,2025-02-02 04:46:00,2025-02-02 04:46:59.999,99751.27,99804.19,99751.27,99811.37,8.57915
191,1738471620000,1738471679999,2025-02-02 04:47:00,2025-02-02 04:47:59.999,99804.19,99796.0,99764.16,99805.51,9.30192
192,1738471680000,1738471739999,2025-02-02 04:48:00,2025-02-02 04:48:59.999,99795.99,99794.1,99746.87,99807.19,10.39598
193,1738471740000,1738471799999,2025-02-02 04:49:00,2025-02-02 04:49:59.999,99794.1,99806.68,99792.01,99884.0,42.42639
194,1738471800000,1738471859999,2025-02-02 04:50:00,2025-02-02 04:50:59.999,99806.68,99709.98,99700.0,99806.68,22.57314
195,1738471860000,1738471919999,2025-02-02 04:51:00,2025-02-02 04:51:59.999,99709.97,99784.5,99709.97,99791.58,8.88832
196,1738471920000,1738471979999,2025-02-02 04:52:00,2025-02-02 04:52:59.999,99784.5,99705.56,99705.56,99800.0,13.45685
197,1738471980000,1738472039999,2025-02-02 04:53:00,2025-02-02 04:53:59.999,99705.55,99647.99,99638.55,99705.55,12.36068
198,1738472040000,1738472099999,2025-02-02 04:54:00,2025-02-02 04:54:59.999,99647.99,99716.39,99647.99,99726.86,16.91435
199,1738472100000,1738472159999,2025-02-02 04:55:00,2025-02-02 04:55:59.999,99716.38,99633.51,99621.9,99716.39,9.9618
200,1738472160000,1738472219999,2025-02-02 04:56:00,2025-02-02 04:56:59.999,99633.5,99607.68,99560.08,99653.12,18.9684
201,1738472220000,1738472279999,2025-02-02 04:57:00,2025-02-02 04:57:59.999,99607.67,99640.01,99585.5,99650.0,11.95819
202,1738472280000,1738472339999,2025-02-02 04:58:00,2025-02-02 04:58:59.999,99640.01,99590.13,99590.13,99640.02,6.99424
203,1738472340000,1738472399999,2025-02-02 04:59:00,2025-02-02 04:59:59.999,99590.14,99538.6,99538.37,99590.14,10.06895
204,1738472400000,1738472459999,2025-02-02 05:00:00,2025-02-02 05:00:59.999,99538.6,99500.01,99500.0,99572.83,18.81622
205,1738472460000,1738472519999,2025-02-02 05:01:00,2025-02-02 05:01:59.999,99500.0,99669.92,99500.0,99669.92,7.015
206,1738472520000,1738472579999,2025-02-02 05:02:00,2025-02-02 05:02:59.999,99669.92,99765.44,99669.91,99766.45,10.54402
207,1738472580000,1738472639999,2025-02-02 05:03:00,2025-02-02 05:03:59.999,99765.44,99767.42,99730.11,99804.0,10.75279
208,1738472640000,1738472699999,2025-02-02 05:04:00,2025-02-02 05:04:59.999,99767.41,99760.07,99750.54,99786.23,7.83706
209,1738472700000,1738472759999,2025-02-02 05:05:00,2025-02-02 05:05:59.999,99760.08,99727.01,99676.1,99760.08,8.8241
210,1738472760000,1738472819999,2025-02-02 05:06:00,2025-02-02 05:06:59.999,99727.01,99756.0,99725.01,99763.0,3.96677
211,1738472820000,1738472879999,2025-02-02 05:07:00,2025-02-02 05:07:59.999,99756.01,99756.0,99690.34,99771.83,10.64465
212,1738472880000,1738472939999,2025-02-02 05:08:00,2025-02-02 05:08:59.999,99756.0,99795.39,99742.05,99795.39,10.30253
213,1738472940000,1738472999999,2025-02-02 05:09:00,2025-02-02 05:09:59.999,99795.39,99724.01,99724.0,99795.84,11.87488
214,1738473000000,1738473059999,2025-02-02 05:10:00,2025-02-02 05:10:59.999,99724.01,99695.95,99673.0,99739.49,7.72776
215,1738473060000,1738473119999,2025-02-02 05:11:00,2025-02-02 05:11:59.999,99695.94,99729.21,99664.26,99735.46,5.55898
216,1738473120000,1738473179999,2025-02-02 05:12:00,2025-02-02 05:12:59.999,99729.2,99651.12,99651.12,99729.2,8.67433
217,1738473180000,1738473239999,2025-02-02 05:13:00,2025-02-02 05:13:59.999,99651.12,99665.13,99632.0,99678.5,4.46181
218,1738473240000,1738473299999,2025-02-02 05:14:00,2025-02-02 05:14:59.999,99665.88,99658.0,99649.3,99680.18,12.54191
219,1738473300000,1738473359999,2025-02-02 05:15:00,2025-02-02 05:15:59.999,99658.22,99627.45,99627.45,99686.74,9.09664
220,1738473360000,1738473419999,2025-02-02 05:16:00,2025-02-02 05:16:59.999,99627.45,99699.43,99600.0,99699.44,16.71931
221,1738473420000,1738473479999,2025-02-02 05:17:00,2025-02-02 05:17:59.999,99699.44,99775.99,99677.18,99775.99,7.22049
222,1738473480000,1738473539999,2025-02-02 05:18:00,2025-02-02 05:18:59.999,99775.98,99756.97,99724.0,99775.99,7.53412
223,1738473540000,1738473599999,2025-02-02 05:19:00,2025-02-02 05:19:59.999,99756.96,99802.5,99745.85,99802.5,8.20459
224,1738473600000,1738473659999,2025-02-02 05:20:00,2025-02-02 05:20:59.999,99802.49,99887.99,99802.49,99888.0,18.56275
225,1738473660000,1738473719999,2025-02-02 05:21:00,2025-02-02 05:21:59.999,99887.99,99958.01,99876.68,99982.38,24.62552
226,1738473720000,1738473779999,2025-02-02 05:22:00,2025-02-02 05:22:59.999,99958.01,99927.43,99900.0,99979.69,13.33471
227,1738473780000,1738473839999,2025-02-02 05:23:00,2025-02-02 05:23:59.999,99927.44,99947.69,99920.01,99959.4,7.97904
228,1738473840000,1738473899999,2025-02-02 05:24:00,2025-02-02 05:24:59.999,99947.69,99964.0,99937.67,99979.48,11.23533
229,1738473900000,1738473959999,2025-02-02 05:25:00,2025-02-02 05:25:59.999,99964.01,99909.71,99907.29,99964.01,5.81112
230,1738473960000,1738474019999,2025-02-02 05:26:00,2025-02-02 05:26:59.999,99909.72,99845.26,99804.09,99915.66,32.43629
231,1738474020000,1738474079999,2025-02-02 05:27:00,2025-02-02 05:27:59.999,99845.32,99871.3,99838.33,99886.52,6.43219
232,1738474080000,1738474139999,2025-02-02 05:28:00,2025-02-02 05:28:59.999,99871.31,99823.89,99823.88,99871.31,4.05502
233,1738474140000,1738474199999,2025-02-02 05:29:00,2025-02-02 05:29:59.999,99823.89,99820.64,99817.57,99848.05,4.96688
234,1738474200000,1738474259999,2025-02-02 05:30:00,2025-02-02 05:30:59.999,99820.64,99867.38,99804.01,99867.38,8.11685
235,1738474260000,1738474319999,2025-02-02 05:31:00,2025-02-02 05:31:59.999,99867.38,99876.82,99856.02,99936.59,20.18057
236,1738474320000,1738474379999,2025-02-02 05:32:00,2025-02-02 05:32:59.999,99876.82,99952.98,99860.59,99952.98,16.56594
237,1738474380000,1738474439999,2025-02-02 05:33:00,2025-02-02 05:33:59.999,99952.98,100017.87,99952.97,100038.8,15.71421
238,1738474440000,1738474499999,2025-02-02 05:34:00,2025-02-02 05:34:59.999,100017.87,100044.72,99995.11,100044.73,10.19665
239,1738474500000,1738474559999,2025-02-02 05:35:00,2025-02-02 05:35:59.999,100044.72,100067.99,100000.02,100069.42,18.16526
240,1738474560000,1738474619999,2025-02-02 05:36:00,2025-02-02 05:36:59.999,100068.0,100131.92,100067.99,100131.93,11.48297
241,1738474620000,1738474679999,2025-02-02 05:37:00,2025-02-02 05:37:59.999,100131.92,100136.55,100122.0,100153.92,12.1235
242,1738474680000,1738474739999,2025-02-02 05:38:00,2025-02-02 05:38:59.999,100136.55,100220.02,100136.54,100254.91,14.75528
243,1738474740000,1738474799999,2025-02-02 05:39:00,2025-02-02 05:39:59.999,100220.02,100230.76,100199.96,100264.47,29.94316
244,1738474800000,1738474859999,2025-02-02 05:40:00,2025-02-02 05:40:59.999,100230.75,100228.22,100203.06,100245.66,12.46457
245,1738474860000,1738474919999,2025-02-02 05:41:00,2025-02-02 05:41:59.999,100228.23,100220.73,100220.0,100245.66,8.86667
246,1738474920000,1738474979999,2025-02-02 05:42:00,2025-02-02 05:42:59.999,100220.72,100237.83,100220.72,100239.34,15.55103
247,1738474980000,1738475039999,2025-02-02 05:43:00,2025-02-02 05:43:59.999,100237.83,100209.99,100194.95,100242.12,21.02386
248,1738475040000,1738475099999,2025-02-02 05:44:00,2025-02-02 05:44:59.999,100209.99,100239.99,100166.66,100239.99,39.76252
249,1738475100000,1738475159999,2025-02-02 05:45:00,2025-02-02 05:45:59.999,100239.99,100155.6,100137.25,100292.0,17.13561
250,1738475160000,1738475219999,2025-02-02 05:46:00,2025-02-02 05:46:59.999,100155.59,100180.91,100137.26,100195.9,16.16713
251,1738475220000,1738475279999,2025-02-02 05:47:00,2025-02-02 05:47:59.999,100180.92,100126.82,100126.81,100180.92,16.42108
252,1738475280000,1738475339999,2025-02-02 05:48:00,2025-02-02 05:48:59.999,100126.82,100150.55,100126.81,100166.79,1.99242
253,1738475340000,1738475399999,2025-02-02 05:49:00,2025-02-02 05:49:59.999,100150.55,100211.51,100149.36,100211.52,15.4081
254,1738475400000,1738475459999,2025-02-02 05:50:00,2025-02-02 05:50:59.999,100211.51,100216.81,100184.54,100217.32,3.49161
255,1738475460000,1738475519999,2025-02-02 05:51:00,2025-02-02 05:51:59.999,100216.81,100324.23,100216.8,100327.52,12.64405
256,1738475520000,1738475579999,2025-02-02 05:52:00,2025-02-02 05:52:59.999,100324.24,100340.96,100324.23,100340.97,12.65283
257,1738475580000,1738475639999,2025-02-02 05:53:00,2025-02-02 05:53:59.999,100340.97,100342.69,100340.96,100342.69,1.98013
258,1738475640000,1738475699999,2025-02-02 05:54:00,2025-02-02 05:54:59.999,100342.68,100310.74,100294.11,100342.69,9.7558
259,1738475700000,1738475759999,2025-02-02 05:55:00,2025-02-02 05:55:59.999,100310.73,100315.91,100300.8,100332.0,6.53728
260,1738475760000,1738475819999,2025-02-02 05:56:00,2025-02-02 05:56:59.999,100315.91,100303.02,100300.0,100336.0,6.98884
261,1738475820000,1738475879999,2025-02-02 05:57:00,2025-02-02 05:57:59.999,100303.02,100326.91,100301.46,100326.91,3.50617
262,1738475880000,1738475939999,2025-02-02 05:58:00,2025-02-02 05:58:59.999,100326.91,100322.1,100315.91,100330.44,12.41792
263,1738475940000,1738475999999,2025-02-02 05:59:00,2025-02-02 05:59:59.999,100322.1,100259.53,100259.52,100322.1,4.4599
264,1738476000000,1738476059999,2025-02-02 06:00:00,2025-02-02 06:00:59.999,100259.53,100168.27,100132.0,100259.53,43.2264
265,1738476060000,1738476119999,2025-02-02 06:01:00,2025-02-02 06:01:59.999,100168.26,100106.0,100094.69,100168.27,18.62803
266,1738476120000,1738476179999,2025-02-02 06:02:00,2025-02-02 06:02:59.999,100106.0,100124.12,100105.99,100156.0,7.1947
267,1738476180000,1738476239999,2025-02-02 06:03:00,2025-02-02 06:03:59.999,100124.12,100181.29,100124.11,100187.54,7.30602
268,1738476240000,1738476299999,2025-02-02 06:04:00,2025-02-02 06:04:59.999,100181.3,100220.02,100156.01,100250.0,9.19589
269,1738476300000,1738476359999,2025-02-02 06:05:00,2025-02-02 06:05:59.999,100220.03,100250.0,100196.24,100268.49,6.86844
270,1738476360000,1738476419999,2025-02-02 06:06:00,2025-02-02 06:06:59.999,100250.01,100196.26,100196.25,100254.1,7.60113
271,1738476420000,1738476479999,2025-02-02 06:07:00,2025-02-02 06:07:59.999,100196.26,100181.83,100150.8,100214.7,7.92283
272,1738476480000,1738476539999,2025-02-02 06:08:00,2025-02-02 06:08:59.999,100181.83,100250.0,100181.83,100250.0,3.77536
273,1738476540000,1738476599999,2025-02-02 06:09:00,2025-02-02 06:09:59.999,100250.0,100303.99,100208.0,100305.09,14.74705
274,1738476600000,1738476659999,2025-02-02 06:10:00,2025-02-02 06:10:59.999,100303.99,100318.01,100300.87,100321.99,4.50827
275,1738476660000,1738476719999,2025-02-02 06:11:00,2025-02-02 06:11:59.999,100318.0,100318.94,100301.11,100318.95,13.22316
276,1738476720000,1738476779999,2025-02-02 06:12:00,2025-02-02 06:12:59.999,100318.95,100363.99,100318.94,100364.0,4.19585
277,1738476780000,1738476839999,2025-02-02 06:13:00,2025-02-02 06:13:59.999,100363.99,100310.42,100310.4,100364.0,13.32429
278,1738476840000,1738476899999,2025-02-02 06:14:00,2025-02-02 06:14:59.999,100310.42,100292.0,100289.06,100310.42,9.3364
279,1738476900000,1738476959999,2025-02-02 06:15:00,2025-02-02 06:15:59.999,100292.01,100268.27,100265.0,100302.84,4.98077
280,1738476960000,1738477019999,2025-02-02 06:16:00,2025-02-02 06:16:59.999,100268.28,100233.65,100233.65,100273.31,6.02926
281,1738477020000,1738477079999,2025-02-02 06:17:00,2025-02-02 06:17:59.999,100233.66,100252.61,100223.48,100272.47,20.8837
282,1738477080000,1738477139999,2025-02-02 06:18:00,2025-02-02 06:18:59.999,100252.6,100252.6,100208.82,100252.6,5.77103
283,1738477140000,1738477199999,2025-02-02 06:19:00,2025-02-02 06:19:59.999,100252.6,100271.98,100252.59,100271.99,12.13106
284,1738477200000,1738477259999,2025-02-02 06:20:00,2025-02-02 06:20:59.999,100271.99,100409.23,100271.99,100467.62,22.81547
285,1738477260000,1738477319999,2025-02-02 06:21:00,2025-02-02 06:21:59.999,100409.23,100420.0,100372.0,100420.69,10.05089
286,1738477320000,1738477379999,2025-02-02 06:22:00,2025-02-02 06:22:59.999,100420.01,100420.01,100420.0,100485.42,37.53943
287,1738477380000,1738477439999,2025-02-02 06:23:00,2025-02-02 06:23:59.999,100420.01,100420.0,100420.0,100485.47,33.2697
288,1738477440000,1738477499999,2025-02-02 06:24:00,2025-02-02 06:24:59.999,100420.0,100418.01,100418.0,100420.01,3.36084
289,1738477500000,1738477559999,2025-02-02 06:25:00,2025-02-02 06:25:59.999,100418.01,100432.74,100418.0,100440.64,3.94148
290,1738477560000,1738477619999,2025-02-02 06:26:00,2025-02-02 06:26:59.999,100432.73,100405.99,100388.35,100434.39,11.79597
291,1738477620000,1738477679999,2025-02-02 06:27:00,2025-02-02 06:27:59.999,100405.99,100436.6,100405.98,100441.18,7.27965
292,1738477680000,1738477739999,2025-02-02 06:28:00,2025-02-02 06:28:59.999,100436.59,100438.96,100436.59,100438.96,1.44154
293,1738477740000,1738477799999,2025-02-02 06:29:00,2025-02-02 06:29:59.999,100438.96,100488.01,100438.95,100515.99,15.32915
294,1738477800000,1738477859999,2025-02-02 06:30:00,2025-02-02 06:30:59.999,100488.01,100411.67,100411.66,100488.02,17.59284
295,1738477860000,1738477919999,2025-02-02 06:31:00,2025-02-02 06:31:59.999,100411.66,100434.47,100400.33,100450.99,15.00982
296,1738477920000,1738477979999,2025-02-02 06:32:00,2025-02-02 06:32:59.999,100434.48,100450.99,100410.09,100465.66,10.53004
297,1738477980000,1738478039999,2025-02-02 06:33:00,2025-02-02 06:33:59.999,100450.98,100367.56,100348.47,100450.99,13.35097
298,1738478040000,1738478099999,2025-02-02 06:34:00,2025-02-02 06:34:59.999,100367.56,100397.31,100367.55,100412.35,5.93464
299,1738478100000,1738478159999,2025-02-02 06:35:00,2025-02-02 06:35:59.999,100397.31,100386.56,100360.87,100400.0,3.37692
300,1738478160000,1738478219999,2025-02-02 06:36:00,2025-02-02 06:36:59.999,100386.57,100357.63,100350.0,100386.57,3.74414
301,1738478220000,1738478279999,2025-02-02 06:37:00,2025-02-02 06:37:59.999,100357.64,100350.01,100350.0,100370.52,3.71279
302,1738478280000,1738478339999,2025-02-02 06:38:00,2025-02-02 06:38:59.999,100350.0,100411.77,100319.86,100411.77,22.49264
303,1738478340000,1738478399999,2025-02-02 06:39:00,2025-02-02 06:39:59.999,100411.77,100420.26,100379.74,100420.26,5.48213
304,1738478400000,1738478459999,2025-02-02 06:40:00,2025-02-02 06:40:59.999,100420.25,100354.0,100354.0,100420.26,6.85259
305,1738478460000,1738478519999,2025-02-02 06:41:00,2025-02-02 06:41:59.999,100354.0,100406.01,100354.0,100418.63,13.33515
306,1738478520000,1738478579999,2025-02-02 06:42:00,2025-02-02 06:42:59.999,100406.0,100433.82,100381.33,100433.82,7.56103
307,1738478580000,1738478639999,2025-02-02 06:43:00,2025-02-02 06:43:59.999,100433.82,100445.68,100421.57,100445.68,3.47066
308,1738478640000,1738478699999,2025-02-02 06:44:00,2025-02-02 06:44:59.999,100445.68,100463.65,100445.67,100468.22,5.16552
309,1738478700000,1738478759999,2025-02-02 06:45:00,2025-02-02 06:45:59.999,100463.64,100411.51,100411.5,100463.64,3.86551
310,1738478760000,1738478819999,2025-02-02 06:46:00,2025-02-02 06:46:59.999,100411.5,100352.4,100352.4,100425.5,9.20533
311,1738478820000,1738478879999,2025-02-02 06:47:00,2025-02-02 06:47:59.999,100352.4,100296.01,100296.0,100359.2,40.11433
312,1738478880000,1738478939999,2025-02-02 06:48:00,2025-02-02 06:48:59.999,100296.01,100266.16,100238.9,100296.01,8.50241
313,1738478940000,1738478999999,2025-02-02 06:49:00,2025-02-02 06:49:59.999,100266.16,100335.1,100266.16,100335.11,13.85456
314,1738479000000,1738479059999,2025-02-02 06:50:00,2025-02-02 06:50:59.999,100335.1,100276.88,100263.0,100335.11,11.85573
315,1738479060000,1738479119999,2025-02-02 06:51:00,2025-02-02 06:51:59.999,100276.89,100295.77,100276.88,100295.78,3.37567
316,1738479120000,1738479179999,2025-02-02 06:52:00,2025-02-02 06:52:59.999,100295.78,100374.43,100295.77,100374.44,5.36397
317,1738479180000,1738479239999,2025-02-02 06:53:00,2025-02-02 06:53:59.999,100374.43,100379.23,100351.7,100379.24,8.28997
318,1738479240000,1738479299999,2025-02-02 06:54:00,2025-02-02 06:54:59.999,100379.24,100371.21,100359.77,100379.24,2.84248
319,1738479300000,1738479359999,2025-02-02 06:55:00,2025-02-02 06:55:59.999,100371.21,100306.65,100285.5,100371.21,5.46166
320,1738479360000,1738479419999,2025-02-02 06:56:00,2025-02-02 06:56:59.999,100306.65,100270.13,100268.0,100306.66,6.65777
321,1738479420000,1738479479999,2025-02-02 06:57:00,2025-02-02 06:57:59.999,100270.13,100270.05,100264.51,100278.27,5.61469
322,1738479480000,1738479539999,2025-02-02 06:58:00,2025-02-02 06:58:59.999,100270.06,100250.0,100250.0,100275.94,17.40487
323,1738479540000,1738479599999,2025-02-02 06:59:00,2025-02-02 06:59:59.999,100250.01,100265.15,100250.0,100273.52,4.90963
324,1738479600000,1738479659999,2025-02-02 07:00:00,2025-02-02 07:00:59.999,100265.15,100184.84,100184.83,100277.54,46.25593
325,1738479660000,1738479719999,2025-02-02 07:01:00,2025-02-02 07:01:59.999,100184.84,100215.72,100184.83,100244.0,19.21535
326,1738479720000,1738479779999,2025-02-02 07:02:00,2025-02-02 07:02:59.999,100215.72,100209.31,100168.01,100215.72,10.86127
327,1738479780000,1738479839999,2025-02-02 07:03:00,2025-02-02 07:03:59.999,100209.32,100219.99,100172.29,100220.0,13.36136
328,1738479840000,1738479899999,2025-02-02 07:04:00,2025-02-02 07:04:59.999,100220.0,100163.95,100139.57,100220.0,11.2816
329,1738479900000,1738479959999,2025-02-02 07:05:00,2025-02-02 07:05:59.999,100163.95,100096.51,100088.95,100163.96,20.98725
330,1738479960000,1738480019999,2025-02-02 07:06:00,2025-02-02 07:06:59.999,100096.51,100127.63,100080.0,100150.0,10.37973
331,1738480020000,1738480079999,2025-02-02 07:07:00,2025-02-02 07:07:59.999,100127.63,100175.49,100081.89,100175.5,8.50159
332,1738480080000,1738480139999,2025-02-02 07:08:00,2025-02-02 07:08:59.999,100175.49,100167.57,100148.0,100220.01,6.61139
333,1738480140000,1738480199999,2025-02-02 07:09:00,2025-02-02 07:09:59.999,100167.56,100147.52,100128.0,100176.48,5.90566
334,1738480200000,1738480259999,2025-02-02 07:10:00,2025-02-02 07:10:59.999,100147.51,100146.56,100129.77,100156.84,4.61711
335,1738480260000,1738480319999,2025-02-02 07:11:00,2025-02-02 07:11:59.999,100147.86,100194.52,100147.85,100202.52,10.36268
336,1738480320000,1738480379999,2025-02-02 07:12:00,2025-02-02 07:12:59.999,100194.51,100172.19,100172.19,100194.51,2.58922
337,1738480380000,1738480439999,2025-02-02 07:13:00,2025-02-02 07:13:59.999,100172.2,100215.68,100172.19,100215.69,6.80562
338,1738480440000,1738480499999,2025-02-02 07:14:00,2025-02-02 07:14:59.999,100215.69,100244.02,100215.68,100263.98,3.80109
339,1738480500000,1738480559999,2025-02-02 07:15:00,2025-02-02 07:15:59.999,100244.01,100180.0,100180.0,100260.25,5.17125
340,1738480560000,1738480619999,2025-02-02 07:16:00,2025-02-02 07:16:59.999,100180.0,100172.19,100172.19,100210.6,7.28447
341,1738480620000,1738480679999,2025-02-02 07:17:00,2025-02-02 07:17:59.999,100172.19,100137.25,100123.61,100172.2,5.56736
342,1738480680000,1738480739999,2025-02-02 07:18:00,2025-02-02 07:18:59.999,100137.25,100040.54,100040.53,100137.26,12.13877
343,1738480740000,1738480799999,2025-02-02 07:19:00,2025-02-02 07:19:59.999,100040.53,100050.0,100029.18,100050.0,13.06904
344,1738480800000,1738480859999,2025-02-02 07:20:00,2025-02-02 07:20:59.999,100049.99,100045.0,100044.99,100050.0,1.44638
345,1738480860000,1738480919999,2025-02-02 07:21:00,2025-02-02 07:21:59.999,100045.0,100034.81,100034.8,100045.0,2.74859
346,1738480920000,1738480979999,2025-02-02 07:22:00,2025-02-02 07:22:59.999,100034.81,100071.6,100034.8,100071.6,15.98522
347,1738480980000,1738481039999,2025-02-02 07:23:00,2025-02-02 07:23:59.999,100071.6,100081.99,100055.01,100088.0,4.00598
348,1738481040000,1738481099999,2025-02-02 07:24:00,2025-02-02 07:24:59.999,100081.99,100055.22,100055.02,100081.99,2.8709
349,1738481100000,1738481159999,2025-02-02 07:25:00,2025-02-02 07:25:59.999,100055.22,100000.01,100000.0,100055.22,4.11356
350,1738481160000,1738481219999,2025-02-02 07:26:00,2025-02-02 07:26:59.999,100000.0,99941.33,99914.84,100000.01,32.80761
351,1738481220000,1738481279999,2025-02-02 07:27:00,2025-02-02 07:27:59.999,99941.32,99838.8,99781.62,99941.32,33.87297
352,1738481280000,1738481339999,2025-02-02 07:28:00,2025-02-02 07:28:59.999,99838.79,99879.8,99838.79,99889.42,10.1073
353,1738481340000,1738481399999,2025-02-02 07:29:00,2025-02-02 07:29:59.999,99879.8,99886.45,99860.0,99894.42,5.19368
354,1738481400000,1738481459999,2025-02-02 07:30:00,2025-02-02 07:30:59.999,99886.46,99792.12,99759.98,99959.65,55.90234
355,1738481460000,1738481519999,2025-02-02 07:31:00,2025-02-02 07:31:59.999,99792.95,99840.0,99792.91,99888.67,16.66773
356,1738481520000,1738481579999,2025-02-02 07:32:00,2025-02-02 07:32:59.999,99840.01,99795.45,99782.0,99840.01,34.93032
357,1738481580000,1738481639999,2025-02-02 07:33:00,2025-02-02 07:33:59.999,99795.46,99825.01,99750.0,99835.46,31.18077
358,1738481640000,1738481699999,2025-02-02 07:34:00,2025-02-02 07:34:59.999,99825.01,99841.68,99810.0,99841.68,24.98562
359,1738481700000,1738481759999,2025-02-02 07:35:00,2025-02-02 07:35:59.999,99841.68,99796.75,99767.8,99847.8,35.3209
360,1738481760000,1738481819999,2025-02-02 07:36:00,2025-02-02 07:36:59.999,99796.75,99749.54,99749.25,99796.76,21.7598
361,1738481820000,1738481879999,2025-02-02 07:37:00,2025-02-02 07:37:59.999,99749.55,99709.84,99709.84,99769.32,17.85779
362,1738481880000,1738481939999,2025-02-02 07:38:00,2025-02-02 07:38:59.999,99709.85,99708.07,99691.22,99724.12,21.93977
363,1738481940000,1738481999999,2025-02-02 07:39:00,2025-02-02 07:39:59.999,99708.06,99701.06,99693.58,99743.99,6.67714
364,1738482000000,1738482059999,2025-02-02 07:40:00,2025-02-02 07:40:59.999,99701.05,99689.75,99689.73,99721.8,6.18682
365,1738482060000,1738482119999,2025-02-02 07:41:00,2025-02-02 07:41:59.999,99689.75,99657.99,99649.51,99689.75,9.01861
366,1738482120000,1738482179999,2025-02-02 07:42:00,2025-02-02 07:42:59.999,99658.0,99713.01,99657.99,99713.02,8.90602
367,1738482180000,1738482239999,2025-02-02 07:43:00,2025-02-02 07:43:59.999,99713.02,99745.1,99693.79,99745.1,7.15439
368,1738482240000,1738482299999,2025-02-02 07:44:00,2025-02-02 07:44:59.999,99745.1,99766.22,99745.09,99809.49,7.24706
369,1738482300000,1738482359999,2025-02-02 07:45:00,2025-02-02 07:45:59.999,99766.21,99762.83,99749.2,99836.23,8.34852
370,1738482360000,1738482419999,2025-02-02 07:46:00,2025-02-02 07:46:59.999,99762.82,99722.02,99718.04,99768.47,7.30578
371,1738482420000,1738482479999,2025-02-02 07:47:00,2025-02-02 07:47:59.999,99722.02,99650.01,99650.0,99731.87,26.38035
372,1738482480000,1738482539999,2025-02-02 07:48:00,2025-02-02 07:48:59.999,99650.01,99681.94,99565.6,99691.91,70.8569
373,1738482540000,1738482599999,2025-02-02 07:49:00,2025-02-02 07:49:59.999,99681.94,99749.17,99678.1,99749.17,7.60398
374,1738482600000,1738482659999,2025-02-02 07:50:00,2025-02-02 07:50:59.999,99749.17,99742.02,99742.02,99790.0,6.49199
375,1738482660000,1738482719999,2025-02-02 07:51:00,2025-02-02 07:51:59.999,99742.03,99745.1,99736.84,99770.96,9.80072
376,1738482720000,1738482779999,2025-02-02 07:52:00,2025-02-02 07:52:59.999,99745.09,99717.99,99712.0,99745.1,3.1008
377,1738482780000,1738482839999,2025-02-02 07:53:00,2025-02-02 07:53:59.999,99717.99,99727.11,99717.99,99755.99,3.89483
378,1738482840000,1738482899999,2025-02-02 07:54:00,2025-02-02 07:54:59.999,99727.11,99771.28,99727.1,99771.28,3.43202
379,1738482900000,1738482959999,2025-02-02 07:55:00,2025-02-02 07:55:59.999,99771.28,99744.95,99744.95,99791.98,7.11621
380,1738482960000,1738483019999,2025-02-02 07:56:00,2025-02-02 07:56:59.999,99744.95,99753.32,99714.0,99756.47,15.16745
381,1738483020000,1738483079999,2025-02-02 07:57:00,2025-02-02 07:57:59.999,99753.32,99730.0,99718.01,99753.32,6.8091
382,1738483080000,1738483139999,2025-02-02 07:58:00,2025-02-02 07:58:59.999,99730.01,99688.8,99688.79,99765.18,7.57014
383,1738483140000,1738483199999,2025-02-02 07:59:00,2025-02-02 07:59:59.999,99688.8,99643.3,99635.98,99688.8,37.05212
384,1738483200000,1738483259999,2025-02-02 08:00:00,2025-02-02 08:00:59.999,99643.3,99599.0,99578.0,99650.15,27.70525
385,1738483260000,1738483319999,2025-02-02 08:01:00,2025-02-02 08:01:59.999,99599.0,99760.0,99599.0,99760.0,11.86183
386,1738483320000,1738483379999,2025-02-02 08:02:00,2025-02-02 08:02:59.999,99760.0,99818.56,99755.75,99842.29,9.54517
387,1738483380000,1738483439999,2025-02-02 08:03:00,2025-02-02 08:03:59.999,99818.56,99811.01,99772.01,99818.56,8.55748
388,1738483440000,1738483499999,2025-02-02 08:04:00,2025-02-02 08:04:59.999,99811.01,99809.43,99800.0,99833.3,6.29767
389,1738483500000,1738483559999,2025-02-02 08:05:00,2025-02-02 08:05:59.999,99809.43,99799.28,99784.31,99813.01,6.42252
390,1738483560000,1738483619999,2025-02-02 08:06:00,2025-02-02 08:06:59.999,99799.28,99800.01,99799.27,99817.2,7.86105
391,1738483620000,1738483679999,2025-02-02 08:07:00,2025-02-02 08:07:59.999,99800.01,99764.01,99764.0,99800.01,4.59847
392,1738483680000,1738483739999,2025-02-02 08:08:00,2025-02-02 08:08:59.999,99764.0,99733.11,99733.1,99764.43,6.2753
393,1738483740000,1738483799999,2025-02-02 08:09:00,2025-02-02 08:09:59.999,99733.1,99700.0,99666.66,99733.1,17.16923
394,1738483800000,1738483859999,2025-02-02 08:10:00,2025-02-02 08:10:59.999,99699.99,99636.68,99627.99,99711.7,11.55093
395,1738483860000,1738483919999,2025-02-02 08:11:00,2025-02-02 08:11:59.999,99636.68,99550.0,99550.0,99647.25,57.16445
396,1738483920000,1738483979999,2025-02-02 08:12:00,2025-02-02 08:12:59.999,99550.01,99467.96,99467.96,99569.55,28.2383
397,1738483980000,1738484039999,2025-02-02 08:13:00,2025-02-02 08:13:59.999,99467.96,99413.37,99405.41,99467.97,14.868
398,1738484040000,1738484099999,2025-02-02 08:14:00,2025-02-02 08:14:59.999,99413.37,99412.75,99400.24,99471.74,20.84551
399,1738484100000,1738484159999,2025-02-02 08:15:00,2025-02-02 08:15:59.999,99412.75,99428.0,99400.0,99434.53,16.40045
400,1738484160000,1738484219999,2025-02-02 08:16:00,2025-02-02 08:16:59.999,99427.99,99359.54,99338.03,99428.0,111.01282
401,1738484220000,1738484279999,2025-02-02 08:17:00,2025-02-02 08:17:59.999,99359.53,99371.78,99315.91,99387.82,48.42682
402,1738484280000,1738484339999,2025-02-02 08:18:00,2025-02-02 08:18:59.999,99371.78,99376.08,99335.6,99376.08,7.50646
403,1738484340000,1738484399999,2025-02-02 08:19:00,2025-02-02 08:19:59.999,99376.08,99530.26,99376.07,99539.34,32.38804
404,1738484400000,1738484459999,2025-02-02 08:20:00,2025-02-02 08:20:59.999,99530.27,99529.72,99480.39,99533.69,12.70204
405,1738484460000,1738484519999,2025-02-02 08:21:00,2025-02-02 08:21:59.999,99529.71,99562.65,99492.01,99568.39,14.46733
406,1738484520000,1738484579999,2025-02-02 08:22:00,2025-02-02 08:22:59.999,99562.65,99641.98,99536.57,99646.31,9.3625
407,1738484580000,1738484639999,2025-02-02 08:23:00,2025-02-02 08:23:59.999,99641.98,99716.88,99623.37,99735.54,14.43927
408,1738484640000,1738484699999,2025-02-02 08:24:00,2025-02-02 08:24:59.999,99716.88,99769.64,99697.74,99820.34,30.32886
409,1738484700000,1738484759999,2025-02-02 08:25:00,2025-02-02 08:25:59.999,99769.64,99784.99,99769.63,99815.2,7.74034
410,1738484760000,1738484819999,2025-02-02 08:26:00,2025-02-02 08:26:59.999,99785.0,99784.3,99776.68,99815.03,5.19811
411,1738484820000,1738484879999,2025-02-02 08:27:00,2025-02-02 08:27:59.999,99784.31,99736.01,99736.01,99815.03,4.87023
412,1738484880000,1738484939999,2025-02-02 08:28:00,2025-02-02 08:28:59.999,99736.02,99776.39,99736.01,99776.4,5.05789
413,1738484940000,1738484999999,2025-02-02 08:29:00,2025-02-02 08:29:59.999,99776.39,99753.74,99734.37,99776.4,25.55001
414,1738485000000,1738485059999,2025-02-02 08:30:00,2025-02-02 08:30:59.999,99753.74,99848.01,99753.74,99856.89,7.06442
415,1738485060000,1738485119999,2025-02-02 08:31:00,2025-02-02 08:31:59.999,99848.01,99900.0,99820.32,99900.0,15.41139
416,1738485120000,1738485179999,2025-02-02 08:32:00,2025-02-02 08:32:59.999,99900.0,99922.6,99899.99,99985.13,29.59143
417,1738485180000,1738485239999,2025-02-02 08:33:00,2025-02-02 08:33:59.999,99922.61,99900.01,99898.46,99936.15,11.14395
418,1738485240000,1738485299999,2025-02-02 08:34:00,2025-02-02 08:34:59.999,99900.01,99936.14,99900.0,99936.15,4.20034
419,1738485300000,1738485359999,2025-02-02 08:35:00,2025-02-02 08:35:59.999,99936.14,99963.3,99936.14,99980.0,9.81807
420,1738485360000,1738485419999,2025-02-02 08:36:00,2025-02-02 08:36:59.999,99963.3,100031.35,99963.3,100065.41,38.56268
421,1738485420000,1738485479999,2025-02-02 08:37:00,2025-02-02 08:37:59.999,100031.35,99942.78,99942.78,100031.35,9.28669
422,1738485480000,1738485539999,2025-02-02 08:38:00,2025-02-02 08:38:59.999,99942.78,99988.86,99902.24,100008.87,13.69021
423,1738485540000,1738485599999,2025-02-02 08:39:00,2025-02-02 08:39:59.999,99988.85,100044.81,99988.85,100056.0,8.72166
424,1738485600000,1738485659999,2025-02-02 08:40:00,2025-02-02 08:40:59.999,100044.81,100083.2,100044.81,100087.26,10.48928
425,1738485660000,1738485719999,2025-02-02 08:41:00,2025-02-02 08:41:59.999,100083.2,100052.58,100052.57,100100.0,20.69791
426,1738485720000,1738485779999,2025-02-02 08:42:00,2025-02-02 08:42:59.999,100052.57,100002.61,100002.6,100052.58,8.89411
427,1738485780000,1738485839999,2025-02-02 08:43:00,2025-02-02 08:43:59.999,100002.6,100000.01,100000.0,100025.61,6.43795
428,1738485840000,1738485899999,2025-02-02 08:44:00,2025-02-02 08:44:59.999,100000.01,100000.01,99981.49,100000.01,15.11786
429,1738485900000,1738485959999,2025-02-02 08:45:00,2025-02-02 08:45:59.999,100000.01,99962.63,99950.0,100000.01,16.78959
430,1738485960000,1738486019999,2025-02-02 08:46:00,2025-02-02 08:46:59.999,99962.62,99904.83,99904.06,99962.63,7.78026
431,1738486020000,1738486079999,2025-02-02 08:47:00,2025-02-02 08:47:59.999,99904.82,99948.28,99904.82,99948.28,8.4202
432,1738486080000,1738486139999,2025-02-02 08:48:00,2025-02-02 08:48:59.999,99948.28,99926.8,99926.79,99950.46,5.06961
433,1738486140000,1738486199999,2025-02-02 08:49:00,2025-02-02 08:49:59.999,99926.8,99943.99,99886.82,99944.0,11.692
434,1738486200000,1738486259999,2025-02-02 08:50:00,2025-02-02 08:50:59.999,99943.99,99993.99,99943.99,99993.99,3.66313
435,1738486260000,1738486319999,2025-02-02 08:51:00,2025-02-02 08:51:59.999,99994.0,99953.17,99953.17,100057.31,7.07095
436,1738486320000,1738486379999,2025-02-02 08:52:00,2025-02-02 08:52:59.999,99952.62,99844.5,99844.5,99952.63,7.25015
437,1738486380000,1738486439999,2025-02-02 08:53:00,2025-02-02 08:53:59.999,99844.51,99871.84,99844.5,99871.85,4.03412
438,1738486440000,1738486499999,2025-02-02 08:54:00,2025-02-02 08:54:59.999,99871.84,99779.12,99779.12,99885.01,8.57489
439,1738486500000,1738486559999,2025-02-02 08:55:00,2025-02-02 08:55:59.999,99779.12,99732.72,99655.5,99779.13,16.7351
440,1738486560000,1738486619999,2025-02-02 08:56:00,2025-02-02 08:56:59.999,99732.71,99748.11,99731.0,99748.11,3.36039
441,1738486620000,1738486679999,2025-02-02 08:57:00,2025-02-02 08:57:59.999,99748.68,99812.98,99748.67,99812.99,3.63435
442,1738486680000,1738486739999,2025-02-02 08:58:00,2025-02-02 08:58:59.999,99812.97,99850.89,99810.98,99850.9,6.95819
443,1738486740000,1738486799999,2025-02-02 08:59:00,2025-02-02 08:59:59.999,99850.9,99831.04,99829.76,99858.39,13.29667
444,1738486800000,1738486859999,2025-02-02 09:00:00,2025-02-02 09:00:59.999,99831.05,99693.99,99684.38,99831.05,17.15816
445,1738486860000,1738486919999,2025-02-02 09:01:00,2025-02-02 09:01:59.999,99693.99,99745.1,99693.99,99745.1,6.18381
446,1738486920000,1738486979999,2025-02-02 09:02:00,2025-02-02 09:02:59.999,99745.1,99651.32,99650.0,99780.0,23.17318
447,1738486980000,1738487039999,2025-02-02 09:03:00,2025-02-02 09:03:59.999,99651.33,99666.66,99650.0,99666.67,5.90358
448,1738487040000,1738487099999,2025-02-02 09:04:00,2025-02-02 09:04:59.999,99666.67,99603.96,99600.0,99669.88,10.34018
449,1738487100000,1738487159999,2025-02-02 09:05:00,2025-02-02 09:05:59.999,99603.97,99664.44,99574.08,99664.44,30.02514
450,1738487160000,1738487219999,2025-02-02 09:06:00,2025-02-02 09:06:59.999,99664.44,99622.0,99603.54,99664.44,6.06384
451,1738487220000,1738487279999,2025-02-02 09:07:00,2025-02-02 09:07:59.999,99622.0,99651.12,99621.99,99684.2,9.83559
452,1738487280000,1738487339999,2025-02-02 09:08:00,2025-02-02 09:08:59.999,99651.12,99678.48,99651.11,99680.85,11.93095
453,1738487340000,1738487399999,2025-02-02 09:09:00,2025-02-02 09:09:59.999,99678.47,99644.95,99644.94,99679.11,3.22562
454,1738487400000,1738487459999,2025-02-02 09:10:00,2025-02-02 09:10:59.999,99644.95,99683.71,99644.94,99692.0,5.45242
455,1738487460000,1738487519999,2025-02-02 09:11:00,2025-02-02 09:11:59.999,99683.7,99725.28,99678.54,99725.28,8.49955
456,1738487520000,1738487579999,2025-02-02 09:12:00,2025-02-02 09:12:59.999,99725.28,99774.11,99713.48,99784.77,6.07398
457,1738487580000,1738487639999,2025-02-02 09:13:00,2025-02-02 09:13:59.999,99774.11,99750.01,99750.0,99785.21,3.94759
458,1738487640000,1738487699999,2025-02-02 09:14:00,2025-02-02 09:14:59.999,99750.01,99771.08,99750.0,99771.09,3.01616
459,1738487700000,1738487759999,2025-02-02 09:15:00,2025-02-02 09:15:59.999,99771.08,99708.02,99708.01,99774.59,8.17153
460,1738487760000,1738487819999,2025-02-02 09:16:00,2025-02-02 09:16:59.999,99708.02,99675.0,99666.66,99708.02,11.59556
461,1738487820000,1738487879999,2025-02-02 09:17:00,2025-02-02 09:17:59.999,99675.01,99666.01,99666.0,99693.0,3.601
462,1738487880000,1738487939999,2025-02-02 09:18:00,2025-02-02 09:18:59.999,99666.01,99537.05,99537.04,99666.01,18.18108
463,1738487940000,1738487999999,2025-02-02 09:19:00,2025-02-02 09:19:59.999,99537.04,99399.62,99352.94,99567.19,71.18767
464,1738488000000,1738488059999,2025-02-02 09:20:00,2025-02-02 09:20:59.999,99399.62,99490.61,99399.62,99494.76,11.20847
465,1738488060000,1738488119999,2025-02-02 09:21:00,2025-02-02 09:21:59.999,99490.61,99510.51,99474.88,99551.53,23.96822
466,1738488120000,1738488179999,2025-02-02 09:22:00,2025-02-02 09:22:59.999,99510.52,99583.22,99510.51,99600.15,34.41479
467,1738488180000,1738488239999,2025-02-02 09:23:00,2025-02-02 09:23:59.999,99583.22,99537.18,99537.18,99611.67,9.33311
468,1738488240000,1738488299999,2025-02-02 09:24:00,2025-02-02 09:24:59.999,99537.18,99559.98,99525.0,99562.2,11.36274
469,1738488300000,1738488359999,2025-02-02 09:25:00,2025-02-02 09:25:59.999,99559.98,99514.61,99514.6,99569.94,40.80588
470,1738488360000,1738488419999,2025-02-02 09:26:00,2025-02-02 09:26:59.999,99514.61,99509.81,99500.0,99517.0,8.37889
471,1738488420000,1738488479999,2025-02-02 09:27:00,2025-02-02 09:27:59.999,99509.81,99573.66,99504.0,99573.67,11.41458
472,1738488480000,1738488539999,2025-02-02 09:28:00,2025-02-02 09:28:59.999,99573.67,99559.79,99559.78,99587.48,7.63106
473,1738488540000,1738488599999,2025-02-02 09:29:00,2025-02-02 09:29:59.999,99559.79,99562.01,99559.77,99586.81,5.9246
474,1738488600000,1738488659999,2025-02-02 09:30:00,2025-02-02 09:30:59.999,99562.0,99553.5,99528.45,99562.76,20.571
475,1738488660000,1738488719999,2025-02-02 09:31:00,2025-02-02 09:31:59.999,99553.5,99570.01,99540.63,99606.55,6.54871
476,1738488720000,1738488779999,2025-02-02 09:32:00,2025-02-02 09:32:59.999,99570.0,99566.77,99533.87,99570.0,6.19399
477,1738488780000,1738488839999,2025-02-02 09:33:00,2025-02-02 09:33:59.999,99566.77,99549.21,99549.21,99602.09,9.95016
478,1738488840000,1738488899999,2025-02-02 09:34:00,2025-02-02 09:34:59.999,99549.22,99525.06,99525.05,99549.22,3.40089
479,1738488900000,1738488959999,2025-02-02 09:35:00,2025-02-02 09:35:59.999,99525.06,99552.57,99495.14,99556.0,13.66475
480,1738488960000,1738489019999,2025-02-02 09:36:00,2025-02-02 09:36:59.999,99552.56,99677.04,99552.56,99677.69,10.78538
481,1738489020000,1738489079999,2025-02-02 09:37:00,2025-02-02 09:37:59.999,99677.04,99674.88,99648.86,99678.25,6.9963
482,1738489080000,1738489139999,2025-02-02 09:38:00,2025-02-02 09:38:59.999,99674.88,99759.18,99674.88,99759.99,8.5459
483,1738489140000,1738489199999,2025-02-02 09:39:00,2025-02-02 09:39:59.999,99759.17,99685.12,99680.0,99759.17,7.73167
484,1738489200000,1738489259999,2025-02-02 09:40:00,2025-02-02 09:40:59.999,99685.12,99674.24,99639.32,99691.03,4.00506
485,1738489260000,1738489319999,2025-02-02 09:41:00,2025-02-02 09:41:59.999,99674.23,99701.99,99661.99,99709.53,3.8684
486,1738489320000,1738489379999,2025-02-02 09:42:00,2025-02-02 09:42:59.999,99701.99,99756.0,99701.99,99756.0,5.11004
487,1738489380000,1738489439999,2025-02-02 09:43:00,2025-02-02 09:43:59.999,99755.99,99736.01,99735.1,99756.0,6.30959
488,1738489440000,1738489499999,2025-02-02 09:44:00,2025-02-02 09:44:59.999,99736.01,99816.68,99736.01,99852.0,10.67451
489,1738489500000,1738489559999,2025-02-02 09:45:00,2025-02-02 09:45:59.999,99816.68,99826.0,99807.82,99826.0,7.27316
490,1738489560000,1738489619999,2025-02-02 09:46:00,2025-02-02 09:46:59.999,99826.0,99802.59,99802.58,99826.0,3.64679
491,1738489620000,1738489679999,2025-02-02 09:47:00,2025-02-02 09:47:59.999,99802.58,99826.0,99800.1,99826.0,3.15497
492,1738489680000,1738489739999,2025-02-02 09:48:00,2025-02-02 09:48:59.999,99826.0,99840.64,99826.0,99864.02,5.30625
493,1738489740000,1738489799999,2025-02-02 09:49:00,2025-02-02 09:49:59.999,99840.65,99809.71,99799.07,99840.65,7.82852
494,1738489800000,1738489859999,2025-02-02 09:50:00,2025-02-02 09:50:59.999,99809.71,99760.08,99760.08,99819.75,5.24978
495,1738489860000,1738489919999,2025-02-02 09:51:00,2025-02-02 09:51:59.999,99760.08,99703.82,99700.01,99760.09,15.93052
496,1738489920000,1738489979999,2025-02-02 09:52:00,2025-02-02 09:52:59.999,99703.82,99724.85,99688.72,99725.05,23.31493
497,1738489980000,1738490039999,2025-02-02 09:53:00,2025-02-02 09:53:59.999,99724.85,99691.69,99688.69,99735.65,26.20137
498,1738490040000,1738490099999,2025-02-02 09:54:00,2025-02-02 09:54:59.999,99691.68,99621.14,99612.19,99691.69,22.01666
499,1738490100000,1738490159999,2025-02-02 09:55:00,2025-02-02 09:55:59.999,99621.14,99649.98,99588.24,99649.99,15.33456
500,1738490160000,1738490219999,2025-02-02 09:56:00,2025-02-02 09:56:59.999,99649.98,99654.41,99649.98,99654.41,3.33939
501,1738490220000,1738490279999,2025-02-02 09:57:00,2025-02-02 09:57:59.999,99654.4,99677.65,99654.4,99677.65,2.7544
502,1738490280000,1738490339999,2025-02-02 09:58:00,2025-02-02 09:58:59.999,99677.65,99685.43,99662.22,99685.43,10.13387
503,1738490340000,1738490399999,2025-02-02 09:59:00,2025-02-02 09:59:59.999,99685.42,99690.78,99685.42,99700.0,10.81434
504,1738490400000,1738490459999,2025-02-02 10:00:00,2025-02-02 10:00:59.999,99690.78,99660.0,99660.0,99694.72,8.6815
505,1738490460000,1738490519999,2025-02-02 10:01:00,2025-02-02 10:01:59.999,99660.0,99609.2,99606.0,99660.01,11.77151
506,1738490520000,1738490579999,2025-02-02 10:02:00,2025-02-02 10:02:59.999,99609.19,99577.0,99577.0,99609.19,6.47258
507,1738490580000,1738490639999,2025-02-02 10:03:00,2025-02-02 10:03:59.999,99577.0,99486.48,99477.29,99577.01,33.411
508,1738490640000,1738490699999,2025-02-02 10:04:00,2025-02-02 10:04:59.999,99486.48,99515.05,99466.48,99547.52,27.63062
509,1738490700000,1738490759999,2025-02-02 10:05:00,2025-02-02 10:05:59.999,99515.05,99546.0,99494.51,99560.6,34.08609
510,1738490760000,1738490819999,2025-02-02 10:06:00,2025-02-02 10:06:59.999,99546.0,99549.02,99545.99,99600.0,9.24121
511,1738490820000,1738490879999,2025-02-02 10:07:00,2025-02-02 10:07:59.999,99549.01,99501.46,99500.0,99563.37,13.36864
512,1738490880000,1738490939999,2025-02-02 10:08:00,2025-02-02 10:08:59.999,99501.47,99450.01,99450.0,99513.56,6.78653
513,1738490940000,1738490999999,2025-02-02 10:09:00,2025-02-02 10:09:59.999,99450.0,99465.77,99440.0,99469.89,7.82775
514,1738491000000,1738491059999,2025-02-02 10:10:00,2025-02-02 10:10:59.999,99465.78,99445.44,99432.01,99465.78,4.82448
515,1738491060000,1738491119999,2025-02-02 10:11:00,2025-02-02 10:11:59.999,99445.43,99456.44,99431.37,99470.58,9.85975
516,1738491120000,1738491179999,2025-02-02 10:12:00,2025-02-02 10:12:59.999,99456.44,99520.01,99456.43,99544.01,19.10786
517,1738491180000,1738491239999,2025-02-02 10:13:00,2025-02-02 10:13:59.999,99520.0,99450.01,99450.0,99520.0,4.6222
518,1738491240000,1738491299999,2025-02-02 10:14:00,2025-02-02 10:14:59.999,99450.01,99280.0,99280.0,99450.01,89.03129
519,1738491300000,1738491359999,2025-02-02 10:15:00,2025-02-02 10:15:59.999,99280.01,99325.77,99280.0,99393.42,60.11656
520,1738491360000,1738491419999,2025-02-02 10:16:00,2025-02-02 10:16:59.999,99325.77,99373.08,99325.76,99405.76,10.33892
521,1738491420000,1738491479999,2025-02-02 10:17:00,2025-02-02 10:17:59.999,99373.09,99409.11,99373.08,99488.51,34.43784
522,1738491480000,1738491539999,2025-02-02 10:18:00,2025-02-02 10:18:59.999,99409.11,99380.01,99379.21,99430.53,22.13627
523,1738491540000,1738491599999,2025-02-02 10:19:00,2025-02-02 10:19:59.999,99380.01,99345.63,99342.11,99380.01,20.33341
524,1738491600000,1738491659999,2025-02-02 10:20:00,2025-02-02 10:20:59.999,99345.63,99300.01,99300.0,99383.85,17.79222
525,1738491660000,1738491719999,2025-02-02 10:21:00,2025-02-02 10:21:59.999,99300.0,99253.43,99200.0,99312.32,73.20207
526,1738491720000,1738491779999,2025-02-02 10:22:00,2025-02-02 10:22:59.999,99253.44,99334.39,99253.43,99334.4,7.78914
527,1738491780000,1738491839999,2025-02-02 10:23:00,2025-02-02 10:23:59.999,99334.4,99300.12,99260.0,99334.4,28.91052
528,1738491840000,1738491899999,2025-02-02 10:24:00,2025-02-02 10:24:59.999,99300.13,99274.22,99274.22,99311.73,10.40517
529,1738491900000,1738491959999,2025-02-02 10:25:00,2025-02-02 10:25:59.999,99274.22,99302.01,99274.22,99312.24,4.49583
530,1738491960000,1738492019999,2025-02-02 10:26:00,2025-02-02 10:26:59.999,99302.01,99346.4,99296.0,99366.71,17.68673
531,1738492020000,1738492079999,2025-02-02 10:27:00,2025-02-02 10:27:59.999,99346.39,99430.51,99334.02,99430.51,7.35277
532,1738492080000,1738492139999,2025-02-02 10:28:00,2025-02-02 10:28:59.999,99430.5,99423.98,99410.01,99438.53,6.00976
533,1738492140000,1738492199999,2025-02-02 10:29:00,2025-02-02 10:29:59.999,99423.98,99368.33,99368.32,99423.99,11.15225
534,1738492200000,1738492259999,2025-02-02 10:30:00,2025-02-02 10:30:59.999,99368.33,99377.87,99350.0,99385.32,4.00513
535,1738492260000,1738492319999,2025-02-02 10:31:00,2025-02-02 10:31:59.999,99377.87,99409.06,99377.86,99443.72,13.17384
536,1738492320000,1738492379999,2025-02-02 10:32:00,2025-02-02 10:32:59.999,99409.05,99323.67,99311.73,99409.06,10.94541
537,1738492380000,1738492439999,2025-02-02 10:33:00,2025-02-02 10:33:59.999,99323.67,99340.26,99276.43,99352.95,8.62838
538,1738492440000,1738492499999,2025-02-02 10:34:00,2025-02-02 10:34:59.999,99340.26,99352.06,99318.0,99376.0,10.60266
539,1738492500000,1738492559999,2025-02-02 10:35:00,2025-02-02 10:35:59.999,99352.05,99385.35,99320.0,99392.0,19.61322
540,1738492560000,1738492619999,2025-02-02 10:36:00,2025-02-02 10:36:59.999,99385.35,99352.94,99352.94,99446.22,32.24807
541,1738492620000,1738492679999,2025-02-02 10:37:00,2025-02-02 10:37:59.999,99352.94,99352.01,99324.76,99388.55,14.82274
542,1738492680000,1738492739999,2025-02-02 10:38:00,2025-02-02 10:38:59.999,99352.01,99391.92,99352.0,99391.92,7.00425
543,1738492740000,1738492799999,2025-02-02 10:39:00,2025-02-02 10:39:59.999,99391.92,99384.16,99352.02,99391.92,4.82321
544,1738492800000,1738492859999,2025-02-02 10:40:00,2025-02-02 10:40:59.999,99384.16,99360.25,99352.01,99391.69,8.527
545,1738492860000,1738492919999,2025-02-02 10:41:00,2025-02-02 10:41:59.999,99360.26,99375.57,99360.25,99375.58,7.25594
546,1738492920000,1738492979999,2025-02-02 10:42:00,2025-02-02 10:42:59.999,99375.56,99449.88,99375.56,99449.89,6.09578
547,1738492980000,1738493039999,2025-02-02 10:43:00,2025-02-02 10:43:59.999,99449.89,99500.0,99449.88,99500.0,6.04046
548,1738493040000,1738493099999,2025-02-02 10:44:00,2025-02-02 10:44:59.999,99500.0,99469.48,99469.48,99514.05,5.30597
549,1738493100000,1738493159999,2025-02-02 10:45:00,2025-02-02 10:45:59.999,99469.49,99502.54,99469.48,99506.39,6.37014
550,1738493160000,1738493219999,2025-02-02 10:46:00,2025-02-02 10:46:59.999,99502.55,99578.5,99502.54,99644.49,57.93951
551,1738493220000,1738493279999,2025-02-02 10:47:00,2025-02-02 10:47:59.999,99578.5,99578.5,99578.5,99608.25,7.57643
552,1738493280000,1738493339999,2025-02-02 10:48:00,2025-02-02 10:48:59.999,99578.51,99561.0,99558.62,99578.51,6.16542
553,1738493340000,1738493399999,2025-02-02 10:49:00,2025-02-02 10:49:59.999,99561.0,99556.29,99539.26,99565.71,8.51913
554,1738493400000,1738493459999,2025-02-02 10:50:00,2025-02-02 10:50:59.999,99556.29,99545.09,99541.74,99560.0,6.50093
555,1738493460000,1738493519999,2025-02-02 10:51:00,2025-02-02 10:51:59.999,99545.09,99556.2,99542.0,99556.2,11.82854
556,1738493520000,1738493579999,2025-02-02 10:52:00,2025-02-02 10:52:59.999,99556.2,99560.99,99545.07,99574.39,12.06711
557,1738493580000,1738493639999,2025-02-02 10:53:00,2025-02-02 10:53:59.999,99560.98,99600.01,99560.98,99605.3,14.66854
558,1738493640000,1738493699999,2025-02-02 10:54:00,2025-02-02 10:54:59.999,99600.01,99543.64,99543.63,99600.01,7.75201
559,1738493700000,1738493759999,2025-02-02 10:55:00,2025-02-02 10:55:59.999,99543.64,99546.0,99543.63,99557.02,8.94427
560,1738493760000,1738493819999,2025-02-02 10:56:00,2025-02-02 10:56:59.999,99546.0,99551.15,99542.0,99568.0,6.54026
561,1738493820000,1738493879999,2025-02-02 10:57:00,2025-02-02 10:57:59.999,99551.14,99495.68,99480.12,99554.02,23.00024
562,1738493880000,1738493939999,2025-02-02 10:58:00,2025-02-02 10:58:59.999,99495.69,99400.01,99396.01,99495.69,20.82635
563,1738493940000,1738493999999,2025-02-02 10:59:00,2025-02-02 10:59:59.999,99400.0,99417.06,99386.0,99417.07,3.27816
564,1738494000000,1738494059999,2025-02-02 11:00:00,2025-02-02 11:00:59.999,99417.07,99437.56,99380.76,99437.56,14.77454
565,1738494060000,1738494119999,2025-02-02 11:01:00,2025-02-02 11:01:59.999,99437.56,99468.0,99437.55,99468.0,6.53678
566,1738494120000,1738494179999,2025-02-02 11:02:00,2025-02-02 11:02:59.999,99468.0,99529.36,99467.99,99529.36,13.06071
567,1738494180000,1738494239999,2025-02-02 11:03:00,2025-02-02 11:03:59.999,99529.36,99554.95,99517.72,99563.17,9.48574
568,1738494240000,1738494299999,2025-02-02 11:04:00,2025-02-02 11:04:59.999,99554.95,99556.13,99554.95,99599.98,7.33567
569,1738494300000,1738494359999,2025-02-02 11:05:00,2025-02-02 11:05:59.999,99556.14,99599.99,99556.13,99600.0,6.28773
570,1738494360000,1738494419999,2025-02-02 11:06:00,2025-02-02 11:06:59.999,99599.99,99559.91,99559.9,99604.0,11.06918
571,1738494420000,1738494479999,2025-02-02 11:07:00,2025-02-02 11:07:59.999,99559.91,99526.23,99512.47,99559.91,7.54795
572,1738494480000,1738494539999,2025-02-02 11:08:00,2025-02-02 11:08:59.999,99526.23,99470.85,99470.85,99526.23,6.7142
573,1738494540000,1738494599999,2025-02-02 11:09:00,2025-02-02 11:09:59.999,99470.86,99413.99,99404.86,99470.86,13.49772
574,1738494600000,1738494659999,2025-02-02 11:10:00,2025-02-02 11:10:59.999,99414.0,99377.35,99363.56,99418.0,44.05163
575,1738494660000,1738494719999,2025-02-02 11:11:00,2025-02-02 11:11:59.999,99377.35,99382.26,99377.34,99391.88,5.72421
576,1738494720000,1738494779999,2025-02-02 11:12:00,2025-02-02 11:12:59.999,99382.26,99320.4,99320.0,99382.26,16.09903
577,1738494780000,1738494839999,2025-02-02 11:13:00,2025-02-02 11:13:59.999,99320.4,99324.32,99320.39,99349.64,6.82304
578,1738494840000,1738494899999,2025-02-02 11:14:00,2025-02-02 11:14:59.999,99324.33,99343.18,99324.33,99343.18,3.58766
579,1738494900000,1738494959999,2025-02-02 11:15:00,2025-02-02 11:15:59.999,99343.18,99357.45,99343.17,99374.62,5.12248
580,1738494960000,1738495019999,2025-02-02 11:16:00,2025-02-02 11:16:59.999,99357.45,99313.73,99313.72,99357.45,13.00807
581,1738495020000,1738495079999,2025-02-02 11:17:00,2025-02-02 11:17:59.999,99313.72,99239.01,99239.0,99338.19,15.71209
582,1738495080000,1738495139999,2025-02-02 11:18:00,2025-02-02 11:18:59.999,99239.01,99221.39,99215.43,99285.95,22.65095
583,1738495140000,1738495199999,2025-02-02 11:19:00,2025-02-02 11:19:59.999,99221.38,99242.49,99200.0,99264.23,14.84224
584,1738495200000,1738495259999,2025-02-02 11:20:00,2025-02-02 11:20:59.999,99242.49,99147.41,99147.4,99242.5,37.46673
585,1738495260000,1738495319999,2025-02-02 11:21:00,2025-02-02 11:21:59.999,99147.41,99174.44,99147.4,99195.57,13.15845
586,1738495320000,1738495379999,2025-02-02 11:22:00,2025-02-02 11:22:59.999,99174.44,99159.16,99132.73,99195.56,12.71228
587,1738495380000,1738495439999,2025-02-02 11:23:00,2025-02-02 11:23:59.999,99159.17,99128.02,99126.04,99159.17,8.16451
588,1738495440000,1738495499999,2025-02-02 11:24:00,2025-02-02 11:24:59.999,99128.01,99111.67,99060.65,99148.34,28.39406
589,1738495500000,1738495559999,2025-02-02 11:25:00,2025-02-02 11:25:59.999,99111.68,99114.01,99105.81,99165.29,18.92469
590,1738495560000,1738495619999,2025-02-02 11:26:00,2025-02-02 11:26:59.999,99114.01,99079.52,99066.66,99114.01,19.57543
591,1738495620000,1738495679999,2025-02-02 11:27:00,2025-02-02 11:27:59.999,99079.51,99034.27,99027.51,99100.0,44.9641
592,1738495680000,1738495739999,2025-02-02 11:28:00,2025-02-02 11:28:59.999,99034.27,99059.99,99000.0,99060.0,51.39062
593,1738495740000,1738495799999,2025-02-02 11:29:00,2025-02-02 11:29:59.999,99060.0,99006.01,99006.0,99086.06,17.49842
594,1738495800000,1738495859999,2025-02-02 11:30:00,2025-02-02 11:30:59.999,99006.0,99156.86,99000.0,99156.87,24.34735
595,1738495860000,1738495919999,2025-02-02 11:31:00,2025-02-02 11:31:59.999,99156.86,99130.0,99110.41,99230.08,27.45244
596,1738495920000,1738495979999,2025-02-02 11:32:00,2025-02-02 11:32:59.999,99130.0,99228.01,99129.99,99272.7,14.08145
597,1738495980000,1738496039999,2025-02-02 11:33:00,2025-02-02 11:33:59.999,99228.01,99170.4,99127.42,99266.2,28.979
598,1738496040000,1738496099999,2025-02-02 11:34:00,2025-02-02 11:34:59.999,99170.12,99245.99,99148.05,99250.0,15.26588
599,1738496100000,1738496159999,2025-02-02 11:35:00,2025-02-02 11:35:59.999,99245.99,99228.52,99228.51,99245.99,0.4285
